,gender,ethnicity,parental_edu,lunch,testcourse,math_score,reading_score,writing_score,female
0,female,group B,bachelor's degree,standard,none,72,72,74,Women
1,female,group C,some college,standard,completed,69,90,88,Women
2,female,group B,master's degree,standard,none,90,95,93,Women
3,male,group A,associate's degree,free/reduced,none,47,57,44,Women
4,male,group C,some college,standard,none,76,78,75,Women
5,female,group B,associate's degree,standard,none,71,83,78,Women
6,female,group B,some college,standard,completed,88,95,92,Women
7,male,group B,some college,free/reduced,none,40,43,39,Women
8,male,group D,high school,free/reduced,completed,64,64,67,Women
9,female,group B,high school,free/reduced,none,38,60,50,Women
10,male,group C,associate's degree,standard,none,58,54,52,Women
11,male,group D,associate's degree,standard,none,40,52,43,Women
12,female,group B,high school,standard,none,65,81,73,Women
13,male,group A,some college,standard,completed,78,72,70,Women
14,female,group A,master's degree,standard,none,50,53,58,Women
15,female,group C,some high school,standard,none,69,75,78,Women
16,male,group C,high school,standard,none,88,89,86,Women
17,female,group B,some high school,free/reduced,none,18,32,28,Women
18,male,group C,master's degree,free/reduced,completed,46,42,46,Women
19,female,group C,associate's degree,free/reduced,none,54,58,61,Women
20,male,group D,high school,standard,none,66,69,63,Women
21,female,group B,some college,free/reduced,completed,65,75,70,Women
22,male,group D,some college,standard,none,44,54,53,Women
23,female,group C,some high school,standard,none,69,73,73,Women
24,male,group D,bachelor's degree,free/reduced,completed,74,71,80,Women
25,male,group A,master's degree,free/reduced,none,73,74,72,Women
26,male,group B,some college,standard,none,69,54,55,Women
27,female,group C,bachelor's degree,standard,none,67,69,75,Women
28,male,group C,high school,standard,none,70,70,65,Women
29,female,group D,master's degree,standard,none,62,70,75,Women
30,female,group D,some college,standard,none,69,74,74,Women
31,female,group B,some college,standard,none,63,65,61,Women
32,female,group E,master's degree,free/reduced,none,56,72,65,Women
33,male,group D,some college,standard,none,40,42,38,Women
34,male,group E,some college,standard,none,97,87,82,Women
35,male,group E,associate's degree,standard,completed,81,81,79,Women
36,female,group D,associate's degree,standard,none,74,81,83,Women
37,female,group D,some high school,free/reduced,none,50,64,59,Women
38,female,group D,associate's degree,free/reduced,completed,75,90,88,Women
39,male,group B,associate's degree,free/reduced,none,57,56,57,Women
40,male,group C,associate's degree,free/reduced,none,55,61,54,Women
41,female,group C,associate's degree,standard,none,58,73,68,Women
42,female,group B,associate's degree,standard,none,53,58,65,Women
43,male,group B,some college,free/reduced,completed,59,65,66,Women
44,female,group E,associate's degree,free/reduced,none,50,56,54,Women
45,male,group B,associate's degree,standard,none,65,54,57,Women
46,female,group A,associate's degree,standard,completed,55,65,62,Women
47,female,group C,high school,standard,none,66,71,76,Women
48,female,group D,associate's degree,free/reduced,completed,57,74,76,Women
49,male,group C,high school,standard,completed,82,84,82,Women
50,male,group E,some college,standard,none,53,55,48,Women
51,male,group E,associate's degree,free/reduced,completed,77,69,68,Women
52,male,group C,some college,standard,none,53,44,42,Women
53,male,group D,high school,standard,none,88,78,75,Women
54,female,group C,some high school,free/reduced,completed,71,84,87,Women
55,female,group C,high school,free/reduced,none,33,41,43,Women
56,female,group E,associate's degree,standard,completed,82,85,86,Women
57,male,group D,associate's degree,standard,none,52,55,49,Women
58,male,group D,some college,standard,completed,58,59,58,Women
59,female,group C,some high school,free/reduced,none,0,17,10,Women
60,male,group E,bachelor's degree,free/reduced,completed,79,74,72,Women
61,male,group A,some high school,free/reduced,none,39,39,34,Women
62,male,group A,associate's degree,free/reduced,none,62,61,55,Women
63,female,group C,associate's degree,standard,none,69,80,71,Women
64,female,group D,some high school,standard,none,59,58,59,Women
65,male,group B,some high school,standard,none,67,64,61,Women
66,male,group D,some high school,free/reduced,none,45,37,37,Women
67,female,group C,some college,standard,none,60,72,74,Women
68,male,group B,associate's degree,free/reduced,none,61,58,56,Women
69,female,group C,associate's degree,standard,none,39,64,57,Women
70,female,group D,some college,free/reduced,completed,58,63,73,Women
71,male,group D,some college,standard,completed,63,55,63,Women
72,female,group A,associate's degree,free/reduced,none,41,51,48,Women
73,male,group C,some high school,free/reduced,none,61,57,56,Women
74,male,group C,some high school,standard,none,49,49,41,Women
75,male,group B,associate's degree,free/reduced,none,44,41,38,Women
76,male,group E,some high school,standard,none,30,26,22,Women
77,male,group A,bachelor's degree,standard,completed,80,78,81,Women
78,female,group D,some high school,standard,completed,61,74,72,Women
79,female,group E,master's degree,standard,none,62,68,68,Women
80,female,group B,associate's degree,standard,none,47,49,50,Women
81,male,group B,high school,free/reduced,none,49,45,45,Women
82,male,group A,some college,free/reduced,completed,50,47,54,Women
83,male,group E,associate's degree,standard,none,72,64,63,Women
84,male,group D,high school,free/reduced,none,42,39,34,Women
85,female,group C,some college,standard,none,73,80,82,Women
86,female,group C,some college,free/reduced,none,76,83,88,Women
87,female,group D,associate's degree,standard,none,71,71,74,Women
88,female,group A,some college,standard,none,58,70,67,Women
89,female,group D,some high school,standard,none,73,86,82,Women
90,female,group C,bachelor's degree,standard,none,65,72,74,Women
91,male,group C,high school,free/reduced,none,27,34,36,Women
92,male,group C,high school,standard,none,71,79,71,Women
93,male,group C,associate's degree,free/reduced,completed,43,45,50,Women
94,female,group B,some college,standard,none,79,86,92,Women
95,male,group C,associate's degree,free/reduced,completed,78,81,82,Women
96,male,group B,some high school,standard,completed,65,66,62,Women
97,female,group E,some college,standard,completed,63,72,70,Women
98,female,group D,some college,free/reduced,none,58,67,62,Women
99,female,group D,bachelor's degree,standard,none,65,67,62,Women
100,male,group B,some college,standard,none,79,67,67,Women
101,male,group D,bachelor's degree,standard,completed,68,74,74,Women
102,female,group D,associate's degree,standard,none,85,91,89,Women
103,male,group B,high school,standard,completed,60,44,47,Women
104,male,group C,some college,standard,completed,98,86,90,Women
105,female,group C,some college,standard,none,58,67,72,Women
106,female,group D,master's degree,standard,none,87,100,100,Women
107,male,group E,associate's degree,standard,completed,66,63,64,Women
108,female,group B,associate's degree,free/reduced,none,52,76,70,Women
109,female,group B,some high school,standard,none,70,64,72,Women
110,female,group D,associate's degree,free/reduced,completed,77,89,98,Women
111,male,group C,high school,standard,none,62,55,49,Women
112,male,group A,associate's degree,standard,none,54,53,47,Women
113,female,group D,some college,standard,none,51,58,54,Women
114,female,group E,bachelor's degree,standard,completed,99,100,100,Women
115,male,group C,high school,standard,none,84,77,74,Women
116,female,group B,bachelor's degree,free/reduced,none,75,85,82,Women
117,female,group D,bachelor's degree,standard,none,78,82,79,Women
118,female,group D,some high school,standard,none,51,63,61,Women
119,female,group C,some college,standard,none,55,69,65,Women
120,female,group C,bachelor's degree,standard,completed,79,92,89,Women
121,male,group B,associate's degree,standard,completed,91,89,92,Women
122,female,group C,some college,standard,completed,88,93,93,Women
123,male,group D,high school,free/reduced,none,63,57,56,Women
124,male,group E,some college,standard,none,83,80,73,Women
125,female,group B,high school,standard,none,87,95,86,Women
126,male,group B,some high school,standard,none,72,68,67,Women
127,male,group D,some college,standard,completed,65,77,74,Women
128,male,group D,master's degree,standard,none,82,82,74,Women
129,female,group A,bachelor's degree,standard,none,51,49,51,Women
130,male,group D,master's degree,standard,none,89,84,82,Women
131,male,group C,some high school,free/reduced,completed,53,37,40,Women
132,male,group E,some college,free/reduced,completed,87,74,70,Women
133,female,group C,some college,standard,completed,75,81,84,Women
134,male,group D,bachelor's degree,free/reduced,completed,74,79,75,Women
135,male,group C,bachelor's degree,standard,none,58,55,48,Women
136,male,group B,some high school,standard,completed,51,54,41,Women
137,male,group E,high school,standard,none,70,55,56,Women
138,female,group C,associate's degree,standard,none,59,66,67,Women
139,male,group D,some college,standard,completed,71,61,69,Women
140,female,group D,some high school,standard,none,76,72,71,Women
141,female,group C,some college,free/reduced,none,59,62,64,Women
142,female,group E,some college,free/reduced,completed,42,55,54,Women
143,male,group A,high school,standard,none,57,43,47,Women
144,male,group D,some college,standard,none,88,73,78,Women
145,female,group C,some college,free/reduced,none,22,39,33,Women
146,male,group B,some high school,standard,none,88,84,75,Women
147,male,group C,associate's degree,free/reduced,none,73,68,66,Women
148,female,group D,bachelor's degree,standard,completed,68,75,81,Women
149,male,group E,associate's degree,free/reduced,completed,100,100,93,Women
150,male,group A,some high school,standard,completed,62,67,69,Women
151,male,group A,bachelor's degree,standard,none,77,67,68,Women
152,female,group B,associate's degree,standard,completed,59,70,66,Women
153,male,group D,bachelor's degree,standard,none,54,49,47,Women
154,male,group D,some high school,standard,none,62,67,61,Women
155,female,group C,some college,standard,completed,70,89,88,Women
156,female,group E,high school,free/reduced,completed,66,74,78,Women
157,male,group B,some college,free/reduced,none,60,60,60,Women
158,female,group B,associate's degree,standard,completed,61,86,87,Women
159,male,group D,associate's degree,free/reduced,none,66,62,64,Women
160,male,group B,associate's degree,free/reduced,completed,82,78,74,Women
161,female,group E,some college,free/reduced,completed,75,88,85,Women
162,male,group B,master's degree,free/reduced,none,49,53,52,Women
163,male,group C,high school,standard,none,52,53,49,Women
164,female,group E,master's degree,standard,none,81,92,91,Women
165,female,group C,bachelor's degree,standard,completed,96,100,100,Women
166,male,group C,high school,free/reduced,completed,53,51,51,Women
167,female,group B,master's degree,free/reduced,completed,58,76,78,Women
168,female,group B,high school,standard,completed,68,83,78,Women
169,female,group C,some college,free/reduced,completed,67,75,70,Women
170,male,group A,high school,standard,completed,72,73,74,Women
171,male,group E,some high school,standard,none,94,88,78,Women
172,female,group D,some college,standard,none,79,86,81,Women
173,female,group C,associate's degree,standard,none,63,67,70,Women
174,female,group C,bachelor's degree,free/reduced,completed,43,51,54,Women
175,female,group C,master's degree,standard,completed,81,91,87,Women
176,female,group B,high school,free/reduced,completed,46,54,58,Women
177,female,group C,associate's degree,standard,completed,71,77,77,Women
178,female,group B,master's degree,free/reduced,completed,52,70,62,Women
179,female,group D,some high school,standard,completed,97,100,100,Women
180,male,group C,master's degree,free/reduced,completed,62,68,75,Women
181,female,group C,some college,free/reduced,none,46,64,66,Women
182,female,group E,high school,standard,none,50,50,47,Women
183,female,group D,associate's degree,standard,none,65,69,70,Women
184,male,group C,some high school,free/reduced,completed,45,52,49,Women
185,male,group C,associate's degree,free/reduced,completed,65,67,65,Women
186,male,group E,high school,standard,none,80,76,65,Women
187,male,group D,some high school,standard,completed,62,66,68,Women
188,male,group B,some high school,free/reduced,none,48,52,45,Women
189,female,group C,bachelor's degree,standard,none,77,88,87,Women
190,female,group E,associate's degree,standard,none,66,65,69,Women
191,male,group D,some college,standard,completed,76,83,79,Women
192,female,group B,some high school,standard,none,62,64,66,Women
193,male,group D,some college,standard,completed,77,62,62,Women
194,female,group C,master's degree,standard,completed,69,84,85,Women
195,male,group D,associate's degree,standard,none,61,55,52,Women
196,male,group C,some high school,free/reduced,completed,59,69,65,Women
197,male,group E,high school,free/reduced,none,55,56,51,Women
198,female,group B,some college,free/reduced,none,45,53,55,Women
199,female,group B,bachelor's degree,free/reduced,none,78,79,76,Women
200,female,group C,associate's degree,standard,completed,67,84,86,Women
201,female,group D,some college,free/reduced,none,65,81,77,Women
202,male,group C,associate's degree,standard,none,69,77,69,Women
203,female,group B,associate's degree,standard,none,57,69,68,Women
204,male,group C,some college,standard,none,59,41,42,Women
205,male,group D,some high school,standard,completed,74,71,78,Women
206,male,group E,bachelor's degree,standard,none,82,62,62,Women
207,male,group E,high school,standard,completed,81,80,76,Women
208,female,group B,some college,free/reduced,none,74,81,76,Women
209,female,group B,some college,free/reduced,none,58,61,66,Women
210,male,group D,some high school,free/reduced,completed,80,79,79,Women
211,male,group C,some college,free/reduced,none,35,28,27,Women
212,female,group C,high school,free/reduced,none,42,62,60,Women
213,male,group C,associate's degree,free/reduced,completed,60,51,56,Women
214,male,group E,high school,standard,completed,87,91,81,Women
215,male,group B,some high school,standard,completed,84,83,75,Women
216,female,group E,associate's degree,free/reduced,completed,83,86,88,Women
217,female,group C,high school,free/reduced,none,34,42,39,Women
218,male,group B,high school,free/reduced,none,66,77,70,Women
219,male,group B,some high school,standard,completed,61,56,56,Women
220,female,group D,high school,standard,completed,56,68,74,Women
221,male,group B,associate's degree,standard,none,87,85,73,Women
222,female,group C,some high school,free/reduced,none,55,65,62,Women
223,male,group D,some high school,standard,none,86,80,75,Women
224,female,group B,associate's degree,standard,completed,52,66,73,Women
225,female,group E,master's degree,free/reduced,none,45,56,54,Women
226,female,group C,some college,standard,none,72,72,71,Women
227,male,group D,high school,standard,none,57,50,54,Women
228,male,group A,some high school,free/reduced,none,68,72,64,Women
229,female,group C,some college,standard,completed,88,95,94,Women
230,male,group D,some college,standard,none,76,64,66,Women
231,male,group C,associate's degree,standard,none,46,43,42,Women
232,female,group B,bachelor's degree,standard,none,67,86,83,Women
233,male,group E,some high school,standard,none,92,87,78,Women
234,male,group C,bachelor's degree,standard,completed,83,82,84,Women
235,male,group D,associate's degree,standard,none,80,75,77,Women
236,male,group D,bachelor's degree,free/reduced,none,63,66,67,Women
237,female,group D,some high school,standard,completed,64,60,74,Women
238,male,group B,some college,standard,none,54,52,51,Women
239,male,group C,associate's degree,standard,none,84,80,80,Women
240,male,group D,high school,free/reduced,completed,73,68,66,Women
241,female,group E,bachelor's degree,standard,none,80,83,83,Women
242,female,group D,high school,standard,none,56,52,55,Women
243,male,group E,some college,standard,none,59,51,43,Women
244,male,group D,some high school,standard,none,75,74,69,Women
245,male,group C,associate's degree,standard,none,85,76,71,Women
246,male,group E,associate's degree,standard,none,89,76,74,Women
247,female,group B,high school,standard,completed,58,70,68,Women
248,female,group B,high school,standard,none,65,64,62,Women
249,male,group C,high school,standard,none,68,60,53,Women
250,male,group A,some high school,standard,completed,47,49,49,Women
251,female,group D,some college,free/reduced,none,71,83,83,Women
252,female,group B,some high school,standard,completed,60,70,70,Women
253,male,group D,master's degree,standard,none,80,80,72,Women
254,male,group D,high school,standard,none,54,52,52,Women
255,female,group E,some college,standard,none,62,73,70,Women
256,female,group C,associate's degree,free/reduced,none,64,73,68,Women
257,male,group C,associate's degree,standard,completed,78,77,77,Women
258,female,group B,some college,standard,none,70,75,78,Women
259,female,group C,master's degree,free/reduced,completed,65,81,81,Women
260,female,group C,some high school,free/reduced,completed,64,79,77,Women
261,male,group C,some college,standard,completed,79,79,78,Women
262,female,group C,some high school,free/reduced,none,44,50,51,Women
263,female,group E,high school,standard,none,99,93,90,Women
264,male,group D,high school,standard,none,76,73,68,Women
265,male,group D,some high school,free/reduced,none,59,42,41,Women
266,female,group C,bachelor's degree,standard,none,63,75,81,Women
267,female,group D,high school,standard,none,69,72,77,Women
268,female,group D,associate's degree,standard,completed,88,92,95,Women
269,female,group E,some college,free/reduced,none,71,76,70,Women
270,male,group C,bachelor's degree,standard,none,69,63,61,Women
271,male,group C,some college,standard,none,58,49,42,Women
272,female,group D,associate's degree,free/reduced,none,47,53,58,Women
273,female,group D,some college,standard,none,65,70,71,Women
274,male,group B,some college,standard,completed,88,85,76,Women
275,male,group C,bachelor's degree,standard,none,83,78,73,Women
276,female,group C,some high school,standard,completed,85,92,93,Women
277,female,group E,high school,standard,completed,59,63,75,Women
278,female,group C,some high school,free/reduced,none,65,86,80,Women
279,male,group B,bachelor's degree,free/reduced,none,73,56,57,Women
280,male,group D,high school,standard,none,53,52,42,Women
281,male,group D,high school,standard,none,45,48,46,Women
282,female,group D,bachelor's degree,free/reduced,none,73,79,84,Women
283,female,group D,some college,free/reduced,completed,70,78,78,Women
284,female,group B,some high school,standard,none,37,46,46,Women
285,male,group B,associate's degree,standard,completed,81,82,82,Women
286,male,group E,associate's degree,standard,completed,97,82,88,Women
287,female,group B,some high school,standard,none,67,89,82,Women
288,male,group B,bachelor's degree,free/reduced,none,88,75,76,Women
289,male,group E,some high school,standard,completed,77,76,77,Women
290,male,group C,associate's degree,standard,none,76,70,68,Women
291,male,group D,some high school,standard,none,86,73,70,Women
292,male,group C,some high school,standard,completed,63,60,57,Women
293,female,group E,bachelor's degree,standard,none,65,73,75,Women
294,male,group D,high school,free/reduced,completed,78,77,80,Women
295,male,group B,associate's degree,free/reduced,none,67,62,60,Women
296,male,group A,some high school,standard,completed,46,41,43,Women
297,male,group E,associate's degree,standard,completed,71,74,68,Women
298,male,group C,high school,free/reduced,completed,40,46,50,Women
299,male,group D,associate's degree,free/reduced,none,90,87,75,Women
300,male,group A,some college,free/reduced,completed,81,78,81,Women
301,male,group D,some high school,free/reduced,none,56,54,52,Women
302,female,group C,associate's degree,standard,completed,67,84,81,Women
303,male,group B,associate's degree,standard,none,80,76,64,Women
304,female,group C,associate's degree,standard,completed,74,75,83,Women
305,male,group A,some college,standard,none,69,67,69,Women
306,male,group E,some college,standard,completed,99,87,81,Women
307,male,group C,some high school,standard,none,51,52,44,Women
308,female,group B,associate's degree,free/reduced,none,53,71,67,Women
309,female,group D,high school,free/reduced,none,49,57,52,Women
310,female,group B,associate's degree,standard,none,73,76,80,Women
311,male,group B,bachelor's degree,standard,none,66,60,57,Women
312,male,group D,bachelor's degree,standard,completed,67,61,68,Women
313,female,group C,associate's degree,free/reduced,completed,68,67,69,Women
314,female,group C,bachelor's degree,standard,completed,59,64,75,Women
315,male,group C,high school,standard,none,71,66,65,Women
316,female,group D,master's degree,standard,completed,77,82,91,Women
317,male,group C,associate's degree,standard,none,83,72,78,Women
318,male,group B,bachelor's degree,standard,none,63,71,69,Women
319,female,group D,associate's degree,free/reduced,none,56,65,63,Women
320,female,group C,high school,free/reduced,completed,67,79,84,Women
321,female,group E,high school,standard,none,75,86,79,Women
322,female,group C,some college,standard,none,71,81,80,Women
323,female,group C,some high school,free/reduced,none,43,53,53,Women
324,female,group C,high school,free/reduced,none,41,46,43,Women
325,female,group C,some college,standard,none,82,90,94,Women
326,male,group C,some college,standard,none,61,61,62,Women
327,male,group A,some college,free/reduced,none,28,23,19,Women
328,male,group C,associate's degree,standard,completed,82,75,77,Women
329,female,group B,some high school,standard,none,41,55,51,Women
330,male,group C,high school,standard,none,71,60,61,Women
331,male,group C,associate's degree,standard,none,47,37,35,Women
332,male,group E,associate's degree,standard,completed,62,56,53,Women
333,male,group B,associate's degree,standard,none,90,78,81,Women
334,female,group C,bachelor's degree,standard,none,83,93,95,Women
335,female,group B,some college,free/reduced,none,61,68,66,Women
336,male,group D,some high school,standard,completed,76,70,69,Women
337,male,group C,associate's degree,standard,none,49,51,43,Women
338,female,group B,some high school,free/reduced,none,24,38,27,Women
339,female,group D,some high school,free/reduced,completed,35,55,60,Women
340,male,group C,high school,free/reduced,none,58,61,52,Women
341,female,group C,high school,standard,none,61,73,63,Women
342,female,group B,high school,standard,completed,69,76,74,Women
343,male,group D,associate's degree,standard,completed,67,72,67,Women
344,male,group D,some college,standard,none,79,73,67,Women
345,female,group C,high school,standard,none,72,80,75,Women
346,male,group B,some college,standard,none,62,61,57,Women
347,female,group C,bachelor's degree,standard,completed,77,94,95,Women
348,male,group D,high school,free/reduced,none,75,74,66,Women
349,male,group E,associate's degree,standard,none,87,74,76,Women
350,female,group B,bachelor's degree,standard,none,52,65,69,Women
351,male,group E,some college,standard,none,66,57,52,Women
352,female,group C,some college,standard,completed,63,78,80,Women
353,female,group C,associate's degree,standard,none,46,58,57,Women
354,female,group C,some college,standard,none,59,71,70,Women
355,female,group B,bachelor's degree,standard,none,61,72,70,Women
356,male,group A,associate's degree,standard,none,63,61,61,Women
357,female,group C,some college,free/reduced,completed,42,66,69,Women
358,male,group D,some college,free/reduced,none,59,62,61,Women
359,female,group D,some college,standard,none,80,90,89,Women
360,female,group B,high school,standard,none,58,62,59,Women
361,male,group B,some high school,standard,completed,85,84,78,Women
362,female,group C,some college,standard,none,52,58,58,Women
363,female,group D,some high school,free/reduced,none,27,34,32,Women
364,male,group C,some college,standard,none,59,60,58,Women
365,male,group A,bachelor's degree,free/reduced,completed,49,58,60,Women
366,male,group C,high school,standard,completed,69,58,53,Women
367,male,group C,bachelor's degree,free/reduced,none,61,66,61,Women
368,female,group A,some high school,free/reduced,none,44,64,58,Women
369,female,group D,some high school,standard,none,73,84,85,Women
370,male,group E,some college,standard,none,84,77,71,Women
371,female,group C,some college,free/reduced,completed,45,73,70,Women
372,male,group D,some high school,standard,none,74,74,72,Women
373,female,group D,some college,standard,completed,82,97,96,Women
374,female,group D,bachelor's degree,standard,none,59,70,73,Women
375,male,group E,associate's degree,free/reduced,none,46,43,41,Women
376,female,group D,some high school,standard,none,80,90,82,Women
377,female,group D,master's degree,free/reduced,completed,85,95,100,Women
378,female,group A,some high school,standard,none,71,83,77,Women
379,male,group A,bachelor's degree,standard,none,66,64,62,Women
380,female,group B,associate's degree,standard,none,80,86,83,Women
381,male,group C,associate's degree,standard,completed,87,100,95,Women
382,male,group C,master's degree,free/reduced,none,79,81,71,Women
383,female,group E,some high school,free/reduced,none,38,49,45,Women
384,female,group A,some high school,free/reduced,none,38,43,43,Women
385,female,group E,some college,standard,none,67,76,75,Women
386,female,group E,bachelor's degree,standard,none,64,73,70,Women
387,female,group C,associate's degree,free/reduced,none,57,78,67,Women
388,female,group D,high school,standard,none,62,64,64,Women
389,male,group D,master's degree,standard,none,73,70,75,Women
390,male,group E,some high school,free/reduced,completed,73,67,59,Women
391,female,group D,some college,standard,none,77,68,77,Women
392,male,group E,some college,standard,none,76,67,67,Women
393,male,group C,associate's degree,standard,completed,57,54,56,Women
394,female,group C,some high school,standard,completed,65,74,77,Women
395,male,group A,high school,free/reduced,none,48,45,41,Women
396,female,group B,high school,free/reduced,none,50,67,63,Women
397,female,group C,associate's degree,standard,none,85,89,95,Women
398,male,group B,some high school,standard,none,74,63,57,Women
399,male,group D,some high school,standard,none,60,59,54,Women
400,female,group C,some high school,standard,completed,59,54,67,Women
401,male,group A,some college,standard,none,53,43,43,Women
402,female,group A,some college,free/reduced,none,49,65,55,Women
403,female,group D,high school,standard,completed,88,99,100,Women
404,female,group C,high school,standard,none,54,59,62,Women
405,female,group C,some high school,standard,none,63,73,68,Women
406,male,group B,associate's degree,standard,completed,65,65,63,Women
407,female,group B,associate's degree,standard,none,82,80,77,Women
408,female,group D,high school,free/reduced,completed,52,57,56,Women
409,male,group D,associate's degree,standard,completed,87,84,85,Women
410,female,group D,master's degree,standard,completed,70,71,74,Women
411,male,group E,some college,standard,completed,84,83,78,Women
412,male,group D,associate's degree,standard,none,71,66,60,Women
413,male,group B,some high school,standard,completed,63,67,67,Women
414,female,group C,bachelor's degree,free/reduced,completed,51,72,79,Women
415,male,group E,high school,standard,none,84,73,69,Women
416,male,group C,bachelor's degree,standard,completed,71,74,68,Women
417,male,group C,associate's degree,standard,none,74,73,67,Women
418,male,group D,some college,standard,none,68,59,62,Women
419,male,group E,high school,free/reduced,completed,57,56,54,Women
420,female,group C,associate's degree,free/reduced,completed,82,93,93,Women
421,female,group D,high school,standard,completed,57,58,64,Women
422,female,group D,master's degree,free/reduced,completed,47,58,67,Women
423,female,group A,some high school,standard,completed,59,85,80,Women
424,male,group B,some college,free/reduced,none,41,39,34,Women
425,female,group C,some college,free/reduced,none,62,67,62,Women
426,male,group C,bachelor's degree,standard,none,86,83,86,Women
427,male,group C,some high school,free/reduced,none,69,71,65,Women
428,male,group A,some high school,free/reduced,none,65,59,53,Women
429,male,group C,some high school,free/reduced,none,68,63,54,Women
430,male,group C,associate's degree,free/reduced,none,64,66,59,Women
431,female,group C,high school,standard,none,61,72,70,Women
432,male,group C,high school,standard,none,61,56,55,Women
433,female,group A,some high school,free/reduced,none,47,59,50,Women
434,male,group C,some high school,standard,none,73,66,66,Women
435,male,group C,some college,free/reduced,completed,50,48,53,Women
436,male,group D,associate's degree,standard,none,75,68,64,Women
437,male,group D,associate's degree,free/reduced,none,75,66,73,Women
438,male,group C,high school,standard,none,70,56,51,Women
439,male,group D,some high school,standard,completed,89,88,82,Women
440,female,group C,some college,standard,completed,67,81,79,Women
441,female,group D,high school,standard,none,78,81,80,Women
442,female,group A,some high school,free/reduced,none,59,73,69,Women
443,female,group B,associate's degree,standard,none,73,83,76,Women
444,male,group A,some high school,free/reduced,none,79,82,73,Women
445,female,group C,some high school,standard,completed,67,74,77,Women
446,male,group D,some college,free/reduced,none,69,66,60,Women
447,male,group C,high school,standard,completed,86,81,80,Women
448,male,group B,high school,standard,none,47,46,42,Women
449,male,group B,associate's degree,standard,none,81,73,72,Women
450,female,group C,some college,free/reduced,completed,64,85,85,Women
451,female,group E,some college,standard,none,100,92,97,Women
452,female,group C,associate's degree,free/reduced,none,65,77,74,Women
453,male,group C,some college,free/reduced,none,65,58,49,Women
454,female,group C,associate's degree,free/reduced,none,53,61,62,Women
455,male,group C,bachelor's degree,free/reduced,none,37,56,47,Women
456,female,group D,bachelor's degree,standard,none,79,89,89,Women
457,male,group D,associate's degree,free/reduced,none,53,54,48,Women
458,female,group E,bachelor's degree,standard,none,100,100,100,Women
459,male,group B,high school,standard,completed,72,65,68,Women
460,male,group C,bachelor's degree,free/reduced,none,53,58,55,Women
461,male,group B,some college,free/reduced,none,54,54,45,Women
462,female,group E,some college,standard,none,71,70,76,Women
463,female,group C,some college,free/reduced,none,77,90,91,Women
464,male,group A,bachelor's degree,standard,completed,75,58,62,Women
465,female,group C,some college,standard,none,84,87,91,Women
466,female,group D,associate's degree,free/reduced,none,26,31,38,Women
467,male,group A,high school,free/reduced,completed,72,67,65,Women
468,female,group A,high school,free/reduced,completed,77,88,85,Women
469,male,group C,some college,standard,none,91,74,76,Women
470,female,group C,associate's degree,standard,completed,83,85,90,Women
471,female,group C,high school,standard,none,63,69,74,Women
472,female,group C,associate's degree,standard,completed,68,86,84,Women
473,female,group D,some high school,standard,none,59,67,61,Women
474,female,group B,associate's degree,standard,completed,90,90,91,Women
475,female,group D,bachelor's degree,standard,completed,71,76,83,Women
476,male,group E,bachelor's degree,standard,completed,76,62,66,Women
477,male,group D,associate's degree,standard,none,80,68,72,Women
478,female,group D,master's degree,standard,none,55,64,70,Women
479,male,group E,associate's degree,standard,none,76,71,67,Women
480,male,group B,high school,standard,completed,73,71,68,Women
481,female,group D,associate's degree,free/reduced,none,52,59,56,Women
482,male,group C,some college,free/reduced,none,68,68,61,Women
483,male,group A,high school,standard,none,59,52,46,Women
484,female,group B,associate's degree,standard,none,49,52,54,Women
485,male,group C,high school,standard,none,70,74,71,Women
486,male,group D,some college,free/reduced,none,61,47,56,Women
487,female,group C,associate's degree,free/reduced,none,60,75,74,Women
488,male,group B,some high school,standard,completed,64,53,57,Women
489,male,group A,associate's degree,free/reduced,completed,79,82,82,Women
490,female,group A,associate's degree,free/reduced,none,65,85,76,Women
491,female,group C,associate's degree,standard,none,64,64,70,Women
492,female,group C,some college,standard,none,83,83,90,Women
493,female,group C,bachelor's degree,standard,none,81,88,90,Women
494,female,group B,high school,standard,none,54,64,68,Women
495,male,group D,high school,standard,completed,68,64,66,Women
496,female,group C,some college,standard,none,54,48,52,Women
497,female,group D,some college,free/reduced,completed,59,78,76,Women
498,female,group B,some high school,standard,none,66,69,68,Women
499,male,group E,some college,standard,none,76,71,72,Women
500,female,group D,master's degree,standard,none,74,79,82,Women
501,female,group B,associate's degree,standard,completed,94,87,92,Women
502,male,group C,some college,free/reduced,none,63,61,54,Women
503,female,group E,associate's degree,standard,completed,95,89,92,Women
504,female,group D,master's degree,free/reduced,none,40,59,54,Women
505,female,group B,some high school,standard,none,82,82,80,Women
506,male,group A,high school,standard,none,68,70,66,Women
507,male,group B,bachelor's degree,free/reduced,none,55,59,54,Women
508,male,group C,master's degree,standard,none,79,78,77,Women
509,female,group C,bachelor's degree,standard,none,86,92,87,Women
510,male,group D,some college,standard,none,76,71,73,Women
511,male,group A,some high school,standard,none,64,50,43,Women
512,male,group D,some high school,free/reduced,none,62,49,52,Women
513,female,group B,some high school,standard,completed,54,61,62,Women
514,female,group B,master's degree,free/reduced,completed,77,97,94,Women
515,female,group C,some high school,standard,completed,76,87,85,Women
516,female,group D,some college,standard,none,74,89,84,Women
517,female,group E,some college,standard,completed,66,74,73,Women
518,female,group D,some high school,standard,completed,66,78,78,Women
519,female,group B,high school,free/reduced,completed,67,78,79,Women
520,male,group D,some college,standard,none,71,49,52,Women
521,female,group C,associate's degree,standard,none,91,86,84,Women
522,male,group D,bachelor's degree,standard,none,69,58,57,Women
523,male,group C,master's degree,free/reduced,none,54,59,50,Women
524,male,group C,high school,standard,completed,53,52,49,Women
525,male,group E,some college,standard,none,68,60,59,Women
526,male,group C,some high school,free/reduced,completed,56,61,60,Women
527,female,group C,high school,free/reduced,none,36,53,43,Women
528,female,group D,bachelor's degree,free/reduced,none,29,41,47,Women
529,female,group C,associate's degree,standard,none,62,74,70,Women
530,female,group C,associate's degree,standard,completed,68,67,73,Women
531,female,group C,some high school,standard,none,47,54,53,Women
532,male,group E,associate's degree,standard,completed,62,61,58,Women
533,female,group E,associate's degree,standard,completed,79,88,94,Women
534,male,group B,high school,standard,completed,73,69,68,Women
535,female,group C,bachelor's degree,free/reduced,completed,66,83,83,Women
536,male,group C,associate's degree,standard,completed,51,60,58,Women
537,female,group D,high school,standard,none,51,66,62,Women
538,male,group E,bachelor's degree,standard,completed,85,66,71,Women
539,male,group A,associate's degree,standard,completed,97,92,86,Women
540,male,group C,high school,standard,completed,75,69,68,Women
541,male,group D,associate's degree,free/reduced,completed,79,82,80,Women
542,female,group C,associate's degree,standard,none,81,77,79,Women
543,female,group D,associate's degree,standard,none,82,95,89,Women
544,female,group D,master's degree,standard,none,64,63,66,Women
545,male,group E,some high school,free/reduced,completed,78,83,80,Women
546,female,group A,some high school,standard,completed,92,100,97,Women
547,male,group C,high school,standard,completed,72,67,64,Women
548,female,group C,high school,free/reduced,none,62,67,64,Women
549,male,group C,master's degree,standard,none,79,72,69,Women
550,male,group C,some high school,free/reduced,none,79,76,65,Women
551,male,group B,bachelor's degree,free/reduced,completed,87,90,88,Women
552,female,group B,associate's degree,standard,none,40,48,50,Women
553,male,group D,some college,free/reduced,none,77,62,64,Women
554,male,group E,associate's degree,standard,none,53,45,40,Women
555,female,group C,some college,free/reduced,none,32,39,33,Women
556,female,group C,associate's degree,standard,completed,55,72,79,Women
557,male,group C,master's degree,free/reduced,none,61,67,66,Women
558,female,group B,associate's degree,free/reduced,none,53,70,70,Women
559,male,group D,some high school,standard,none,73,66,62,Women
560,female,group D,some college,standard,completed,74,75,79,Women
561,female,group C,some college,standard,none,63,74,74,Women
562,male,group C,bachelor's degree,standard,completed,96,90,92,Women
563,female,group D,some college,free/reduced,completed,63,80,80,Women
564,male,group B,bachelor's degree,free/reduced,none,48,51,46,Women
565,male,group B,associate's degree,standard,none,48,43,45,Women
566,female,group E,bachelor's degree,free/reduced,completed,92,100,100,Women
567,female,group D,master's degree,free/reduced,completed,61,71,78,Women
568,male,group B,high school,free/reduced,none,63,48,47,Women
569,male,group D,bachelor's degree,free/reduced,none,68,68,67,Women
570,male,group B,some college,standard,completed,71,75,70,Women
571,male,group A,bachelor's degree,standard,none,91,96,92,Women
572,female,group C,some college,standard,none,53,62,56,Women
573,female,group C,high school,free/reduced,completed,50,66,64,Women
574,female,group E,high school,standard,none,74,81,71,Women
575,male,group A,associate's degree,free/reduced,completed,40,55,53,Women
576,male,group A,some college,standard,completed,61,51,52,Women
577,female,group B,high school,standard,none,81,91,89,Women
578,female,group B,some college,free/reduced,completed,48,56,58,Women
579,female,group D,master's degree,standard,none,53,61,68,Women
580,female,group D,some high school,standard,none,81,97,96,Women
581,female,group E,some high school,standard,none,77,79,80,Women
582,female,group D,bachelor's degree,free/reduced,none,63,73,78,Women
583,female,group D,associate's degree,standard,completed,73,75,80,Women
584,female,group D,some college,standard,none,69,77,77,Women
585,female,group C,associate's degree,standard,none,65,76,76,Women
586,female,group A,high school,standard,none,55,73,73,Women
587,female,group C,bachelor's degree,free/reduced,none,44,63,62,Women
588,female,group C,some college,standard,none,54,64,65,Women
589,female,group A,some high school,standard,none,48,66,65,Women
590,male,group C,some college,free/reduced,none,58,57,54,Women
591,male,group A,some high school,standard,none,71,62,50,Women
592,male,group E,bachelor's degree,standard,none,68,68,64,Women
593,female,group E,high school,standard,none,74,76,73,Women
594,female,group C,bachelor's degree,standard,completed,92,100,99,Women
595,female,group C,bachelor's degree,standard,completed,56,79,72,Women
596,male,group B,high school,free/reduced,none,30,24,15,Women
597,male,group A,some high school,standard,none,53,54,48,Women
598,female,group D,high school,standard,none,69,77,73,Women
599,female,group D,some high school,standard,none,65,82,81,Women
600,female,group D,master's degree,standard,none,54,60,63,Women
601,female,group C,high school,standard,none,29,29,30,Women
602,female,group E,some college,standard,none,76,78,80,Women
603,male,group D,high school,free/reduced,none,60,57,51,Women
604,male,group D,master's degree,free/reduced,completed,84,89,90,Women
605,male,group C,some high school,standard,none,75,72,62,Women
606,female,group C,associate's degree,standard,none,85,84,82,Women
607,female,group C,master's degree,free/reduced,none,40,58,54,Women
608,female,group E,some college,standard,none,61,64,62,Women
609,female,group B,associate's degree,standard,none,58,63,65,Women
610,male,group D,some college,free/reduced,completed,69,60,63,Women
611,female,group C,some college,standard,none,58,59,66,Women
612,male,group C,bachelor's degree,standard,completed,94,90,91,Women
613,female,group C,associate's degree,standard,none,65,77,74,Women
614,female,group A,associate's degree,standard,none,82,93,93,Women
615,female,group C,high school,standard,none,60,68,72,Women
616,female,group E,bachelor's degree,standard,none,37,45,38,Women
617,male,group D,bachelor's degree,standard,none,88,78,83,Women
618,male,group D,master's degree,standard,none,95,81,84,Women
619,male,group C,associate's degree,free/reduced,completed,65,73,68,Women
620,female,group C,high school,free/reduced,none,35,61,54,Women
621,male,group B,bachelor's degree,free/reduced,none,62,63,56,Women
622,male,group C,high school,free/reduced,completed,58,51,52,Women
623,male,group A,some college,standard,completed,100,96,86,Women
624,female,group E,bachelor's degree,free/reduced,none,61,58,62,Women
625,male,group D,some college,standard,completed,100,97,99,Women
626,male,group B,associate's degree,free/reduced,completed,69,70,63,Women
627,male,group D,associate's degree,standard,none,61,48,46,Women
628,male,group D,some college,free/reduced,none,49,57,46,Women
629,female,group C,some high school,standard,completed,44,51,55,Women
630,male,group D,some college,standard,none,67,64,70,Women
631,male,group B,high school,standard,none,79,60,65,Women
632,female,group B,bachelor's degree,standard,completed,66,74,81,Women
633,female,group C,high school,standard,none,75,88,85,Women
634,male,group D,some high school,standard,none,84,84,80,Women
635,male,group A,high school,standard,none,71,74,64,Women
636,female,group B,high school,free/reduced,completed,67,80,81,Women
637,female,group D,some high school,standard,completed,80,92,88,Women
638,male,group E,some college,standard,none,86,76,74,Women
639,female,group D,associate's degree,standard,none,76,74,73,Women
640,male,group D,high school,standard,none,41,52,51,Women
641,female,group D,associate's degree,free/reduced,completed,74,88,90,Women
642,female,group B,some high school,free/reduced,none,72,81,79,Women
643,female,group E,high school,standard,completed,74,79,80,Women
644,male,group B,high school,standard,none,70,65,60,Women
645,female,group B,bachelor's degree,standard,completed,65,81,81,Women
646,female,group D,associate's degree,standard,none,59,70,65,Women
647,female,group E,high school,free/reduced,none,64,62,68,Women
648,female,group B,high school,standard,none,50,53,55,Women
649,female,group D,some college,standard,completed,69,79,81,Women
650,male,group C,some high school,free/reduced,completed,51,56,53,Women
651,female,group A,high school,standard,completed,68,80,76,Women
652,female,group D,some college,standard,completed,85,86,98,Women
653,female,group A,associate's degree,standard,completed,65,70,74,Women
654,female,group B,some high school,standard,none,73,79,79,Women
655,female,group B,some college,standard,none,62,67,67,Women
656,male,group C,associate's degree,free/reduced,none,77,67,64,Women
657,male,group D,some high school,standard,none,69,66,61,Women
658,female,group D,associate's degree,free/reduced,none,43,60,58,Women
659,male,group D,associate's degree,standard,none,90,87,85,Women
660,male,group C,some college,free/reduced,none,74,77,73,Women
661,male,group C,some high school,standard,none,73,66,63,Women
662,female,group D,some college,free/reduced,none,55,71,69,Women
663,female,group C,high school,standard,none,65,69,67,Women
664,male,group D,associate's degree,standard,none,80,63,63,Women
665,female,group C,some high school,free/reduced,completed,50,60,60,Women
666,female,group C,some college,free/reduced,completed,63,73,71,Women
667,female,group B,bachelor's degree,free/reduced,none,77,85,87,Women
668,male,group C,some college,standard,none,73,74,61,Women
669,male,group D,associate's degree,standard,completed,81,72,77,Women
670,female,group C,high school,free/reduced,none,66,76,68,Women
671,male,group D,associate's degree,free/reduced,none,52,57,50,Women
672,female,group C,some college,standard,none,69,78,76,Women
673,female,group C,associate's degree,standard,completed,65,84,84,Women
674,female,group D,high school,standard,completed,69,77,78,Women
675,female,group B,some college,standard,completed,50,64,66,Women
676,female,group E,some college,standard,completed,73,78,76,Women
677,female,group C,some high school,standard,completed,70,82,76,Women
678,male,group D,associate's degree,free/reduced,none,81,75,78,Women
679,male,group D,some college,free/reduced,none,63,61,60,Women
680,female,group D,high school,standard,none,67,72,74,Women
681,male,group B,high school,standard,none,60,68,60,Women
682,male,group B,high school,standard,none,62,55,54,Women
683,female,group C,some high school,free/reduced,completed,29,40,44,Women
684,male,group B,some college,standard,completed,62,66,68,Women
685,female,group E,master's degree,standard,completed,94,99,100,Women
686,male,group E,some college,standard,completed,85,75,68,Women
687,male,group D,associate's degree,free/reduced,none,77,78,73,Women
688,male,group A,high school,free/reduced,none,53,58,44,Women
689,male,group E,some college,free/reduced,none,93,90,83,Women
690,female,group C,associate's degree,standard,none,49,53,53,Women
691,female,group E,associate's degree,free/reduced,none,73,76,78,Women
692,female,group C,bachelor's degree,free/reduced,completed,66,74,81,Women
693,female,group D,associate's degree,standard,none,77,77,73,Women
694,female,group C,some high school,standard,none,49,63,56,Women
695,female,group D,some college,free/reduced,none,79,89,86,Women
696,female,group C,associate's degree,standard,completed,75,82,90,Women
697,female,group A,bachelor's degree,standard,none,59,72,70,Women
698,female,group D,associate's degree,standard,completed,57,78,79,Women
699,male,group C,high school,free/reduced,none,66,66,59,Women
700,female,group E,bachelor's degree,standard,completed,79,81,82,Women
701,female,group B,some high school,standard,none,57,67,72,Women
702,male,group A,bachelor's degree,standard,completed,87,84,87,Women
703,female,group D,some college,standard,none,63,64,67,Women
704,female,group B,some high school,free/reduced,completed,59,63,64,Women
705,male,group A,bachelor's degree,free/reduced,none,62,72,65,Women
706,male,group D,high school,standard,none,46,34,36,Women
707,male,group C,some college,standard,none,66,59,52,Women
708,male,group D,high school,standard,none,89,87,79,Women
709,female,group D,associate's degree,free/reduced,completed,42,61,58,Women
710,male,group C,some college,standard,completed,93,84,90,Women
711,female,group E,some high school,standard,completed,80,85,85,Women
712,female,group D,some college,standard,none,98,100,99,Women
713,male,group D,master's degree,standard,none,81,81,84,Women
714,female,group B,some high school,standard,completed,60,70,74,Women
715,female,group B,associate's degree,free/reduced,completed,76,94,87,Women
716,male,group C,associate's degree,standard,completed,73,78,72,Women
717,female,group C,associate's degree,standard,completed,96,96,99,Women
718,female,group C,high school,standard,none,76,76,74,Women
719,male,group E,associate's degree,free/reduced,completed,91,73,80,Women
720,female,group C,some college,free/reduced,none,62,72,70,Women
721,male,group D,some high school,free/reduced,completed,55,59,59,Women
722,female,group B,some high school,free/reduced,completed,74,90,88,Women
723,male,group C,high school,standard,none,50,48,42,Women
724,male,group B,some college,standard,none,47,43,41,Women
725,male,group E,some college,standard,completed,81,74,71,Women
726,female,group E,associate's degree,standard,completed,65,75,77,Women
727,male,group E,some high school,standard,completed,68,51,57,Women
728,female,group D,high school,free/reduced,none,73,92,84,Women
729,male,group C,some college,standard,none,53,39,37,Women
730,female,group B,associate's degree,free/reduced,completed,68,77,80,Women
731,male,group A,some high school,free/reduced,none,55,46,43,Women
732,female,group C,some college,standard,completed,87,89,94,Women
733,male,group D,some high school,standard,none,55,47,44,Women
734,female,group E,some college,free/reduced,none,53,58,57,Women
735,male,group C,master's degree,standard,none,67,57,59,Women
736,male,group C,associate's degree,standard,none,92,79,84,Women
737,female,group B,some college,free/reduced,completed,53,66,73,Women
738,male,group D,associate's degree,standard,none,81,71,73,Women
739,male,group C,high school,free/reduced,none,61,60,55,Women
740,male,group D,bachelor's degree,standard,none,80,73,72,Women
741,female,group A,associate's degree,free/reduced,none,37,57,56,Women
742,female,group C,high school,standard,none,81,84,82,Women
743,female,group C,associate's degree,standard,completed,59,73,72,Women
744,male,group B,some college,free/reduced,none,55,55,47,Women
745,male,group D,associate's degree,standard,none,72,79,74,Women
746,male,group D,high school,standard,none,69,75,71,Women
747,male,group C,some college,standard,none,69,64,68,Women
748,female,group C,bachelor's degree,free/reduced,none,50,60,59,Women
749,male,group B,some college,standard,completed,87,84,86,Women
750,male,group D,some high school,standard,completed,71,69,68,Women
751,male,group E,some college,standard,none,68,72,65,Women
752,male,group C,master's degree,free/reduced,completed,79,77,75,Women
753,female,group C,some high school,standard,completed,77,90,85,Women
754,male,group C,associate's degree,free/reduced,none,58,55,53,Women
755,female,group E,associate's degree,standard,none,84,95,92,Women
756,male,group D,some college,standard,none,55,58,52,Women
757,male,group E,bachelor's degree,free/reduced,completed,70,68,72,Women
758,female,group D,some college,free/reduced,completed,52,59,65,Women
759,male,group B,some college,standard,completed,69,77,77,Women
760,female,group C,high school,free/reduced,none,53,72,64,Women
761,female,group D,some high school,standard,none,48,58,54,Women
762,male,group D,some high school,standard,completed,78,81,86,Women
763,female,group B,high school,standard,none,62,62,63,Women
764,male,group D,some college,standard,none,60,63,59,Women
765,female,group B,high school,standard,none,74,72,72,Women
766,female,group C,high school,standard,completed,58,75,77,Women
767,male,group B,high school,standard,completed,76,62,60,Women
768,female,group D,some high school,standard,none,68,71,75,Women
769,male,group A,some college,free/reduced,none,58,60,57,Women
770,male,group B,high school,standard,none,52,48,49,Women
771,male,group D,bachelor's degree,standard,none,75,73,74,Women
772,female,group B,some high school,free/reduced,completed,52,67,72,Women
773,female,group C,bachelor's degree,free/reduced,none,62,78,79,Women
774,male,group B,some college,standard,none,66,65,60,Women
775,female,group B,some high school,free/reduced,none,49,58,55,Women
776,female,group B,high school,standard,none,66,72,70,Women
777,female,group C,some college,free/reduced,none,35,44,43,Women
778,female,group A,some college,standard,completed,72,79,82,Women
779,male,group E,associate's degree,standard,completed,94,85,82,Women
780,female,group D,associate's degree,free/reduced,none,46,56,57,Women
781,female,group B,master's degree,standard,none,77,90,84,Women
782,female,group B,high school,free/reduced,completed,76,85,82,Women
783,female,group C,associate's degree,standard,completed,52,59,62,Women
784,male,group C,bachelor's degree,standard,completed,91,81,79,Women
785,female,group B,some high school,standard,completed,32,51,44,Women
786,female,group E,some high school,free/reduced,none,72,79,77,Women
787,female,group B,some college,standard,none,19,38,32,Women
788,male,group C,associate's degree,free/reduced,none,68,65,61,Women
789,female,group C,master's degree,free/reduced,none,52,65,61,Women
790,female,group B,high school,standard,none,48,62,60,Women
791,female,group D,some college,free/reduced,none,60,66,70,Women
792,male,group D,high school,free/reduced,none,66,74,69,Women
793,male,group E,some high school,standard,completed,89,84,77,Women
794,female,group B,high school,standard,none,42,52,51,Women
795,female,group E,associate's degree,free/reduced,completed,57,68,73,Women
796,male,group D,high school,standard,none,70,70,70,Women
797,female,group E,associate's degree,free/reduced,none,70,84,81,Women
798,male,group E,some college,standard,none,69,60,54,Women
799,female,group C,associate's degree,standard,none,52,55,57,Women
800,male,group C,some high school,standard,completed,67,73,68,Women
801,male,group C,some high school,standard,completed,76,80,73,Women
802,female,group E,associate's degree,standard,none,87,94,95,Women
803,female,group B,some college,standard,none,82,85,87,Women
804,female,group C,some college,standard,none,73,76,78,Women
805,male,group A,some college,free/reduced,none,75,81,74,Women
806,female,group D,some college,free/reduced,none,64,74,75,Women
807,female,group E,high school,free/reduced,none,41,45,40,Women
808,male,group C,high school,standard,none,90,75,69,Women
809,male,group B,bachelor's degree,standard,none,59,54,51,Women
810,male,group A,some high school,standard,none,51,31,36,Women
811,male,group A,high school,free/reduced,none,45,47,49,Women
812,female,group C,master's degree,standard,completed,54,64,67,Women
813,male,group E,some high school,standard,completed,87,84,76,Women
814,female,group C,high school,standard,none,72,80,83,Women
815,male,group B,some high school,standard,completed,94,86,87,Women
816,female,group A,bachelor's degree,standard,none,45,59,64,Women
817,male,group D,bachelor's degree,free/reduced,completed,61,70,76,Women
818,female,group B,high school,free/reduced,none,60,72,68,Women
819,female,group C,some high school,standard,none,77,91,88,Women
820,female,group A,some high school,standard,completed,85,90,92,Women
821,female,group D,bachelor's degree,free/reduced,none,78,90,93,Women
822,male,group E,some college,free/reduced,completed,49,52,51,Women
823,female,group B,high school,free/reduced,none,71,87,82,Women
824,female,group C,some high school,free/reduced,none,48,58,52,Women
825,male,group C,high school,standard,none,62,67,58,Women
826,female,group C,associate's degree,free/reduced,completed,56,68,70,Women
827,female,group C,some high school,standard,none,65,69,76,Women
828,female,group D,some high school,free/reduced,completed,69,86,81,Women
829,male,group B,some high school,standard,none,68,54,53,Women
830,female,group A,some college,free/reduced,none,61,60,57,Women
831,female,group C,bachelor's degree,free/reduced,completed,74,86,89,Women
832,male,group A,bachelor's degree,standard,none,64,60,58,Women
833,female,group B,high school,standard,completed,77,82,89,Women
834,male,group B,some college,standard,none,58,50,45,Women
835,female,group C,high school,standard,completed,60,64,74,Women
836,male,group E,high school,standard,none,73,64,57,Women
837,female,group A,high school,standard,completed,75,82,79,Women
838,male,group B,associate's degree,free/reduced,completed,58,57,53,Women
839,female,group C,associate's degree,standard,none,66,77,73,Women
840,female,group D,high school,free/reduced,none,39,52,46,Women
841,male,group C,some high school,standard,none,64,58,51,Women
842,female,group B,high school,free/reduced,completed,23,44,36,Women
843,male,group B,some college,free/reduced,completed,74,77,76,Women
844,female,group D,some high school,free/reduced,completed,40,65,64,Women
845,male,group E,master's degree,standard,none,90,85,84,Women
846,male,group C,master's degree,standard,completed,91,85,85,Women
847,male,group D,high school,standard,none,64,54,50,Women
848,female,group C,high school,standard,none,59,72,68,Women
849,male,group D,associate's degree,standard,none,80,75,69,Women
850,male,group C,master's degree,standard,none,71,67,67,Women
851,female,group A,high school,standard,none,61,68,63,Women
852,female,group E,some college,standard,none,87,85,93,Women
853,male,group E,some high school,standard,none,82,67,61,Women
854,male,group C,some high school,standard,none,62,64,55,Women
855,female,group B,bachelor's degree,standard,none,97,97,96,Women
856,male,group B,some college,free/reduced,none,75,68,65,Women
857,female,group C,bachelor's degree,standard,none,65,79,81,Women
858,male,group B,high school,standard,completed,52,49,46,Women
859,male,group C,associate's degree,free/reduced,none,87,73,72,Women
860,female,group C,associate's degree,standard,none,53,62,53,Women
861,female,group E,master's degree,free/reduced,none,81,86,87,Women
862,male,group D,bachelor's degree,free/reduced,completed,39,42,38,Women
863,female,group C,some college,standard,completed,71,71,80,Women
864,male,group C,associate's degree,standard,none,97,93,91,Women
865,male,group D,some college,standard,completed,82,82,88,Women
866,male,group C,high school,free/reduced,none,59,53,52,Women
867,male,group B,associate's degree,standard,none,61,42,41,Women
868,male,group E,associate's degree,free/reduced,completed,78,74,72,Women
869,male,group C,associate's degree,free/reduced,none,49,51,51,Women
870,male,group B,high school,standard,none,59,58,47,Women
871,female,group C,some college,standard,completed,70,72,76,Women
872,male,group B,associate's degree,standard,completed,82,84,78,Women
873,male,group E,associate's degree,free/reduced,none,90,90,82,Women
874,female,group C,bachelor's degree,free/reduced,none,43,62,61,Women
875,male,group C,some college,free/reduced,none,80,64,66,Women
876,male,group D,some college,standard,none,81,82,84,Women
877,male,group C,some high school,standard,none,57,61,54,Women
878,female,group D,some high school,standard,none,59,72,80,Women
879,female,group D,associate's degree,standard,none,64,76,74,Women
880,male,group C,bachelor's degree,standard,completed,63,64,66,Women
881,female,group E,bachelor's degree,standard,completed,71,70,70,Women
882,female,group B,high school,free/reduced,none,64,73,71,Women
883,male,group D,bachelor's degree,free/reduced,none,55,46,44,Women
884,female,group E,associate's degree,standard,none,51,51,54,Women
885,female,group C,associate's degree,standard,completed,62,76,80,Women
886,female,group E,associate's degree,standard,completed,93,100,95,Women
887,male,group C,high school,free/reduced,none,54,72,59,Women
888,female,group D,some college,free/reduced,none,69,65,74,Women
889,male,group D,high school,free/reduced,none,44,51,48,Women
890,female,group E,some college,standard,completed,86,85,91,Women
891,female,group E,associate's degree,standard,none,85,92,85,Women
892,female,group A,master's degree,free/reduced,none,50,67,73,Women
893,male,group D,some high school,standard,completed,88,74,75,Women
894,female,group E,associate's degree,standard,none,59,62,69,Women
895,female,group E,some high school,free/reduced,none,32,34,38,Women
896,male,group B,high school,free/reduced,none,36,29,27,Women
897,female,group B,some high school,free/reduced,completed,63,78,79,Women
898,male,group D,associate's degree,standard,completed,67,54,63,Women
899,female,group D,some high school,standard,completed,65,78,82,Women
900,male,group D,master's degree,standard,none,85,84,89,Women
901,female,group C,master's degree,standard,none,73,78,74,Women
902,female,group A,high school,free/reduced,completed,34,48,41,Women
903,female,group D,bachelor's degree,free/reduced,completed,93,100,100,Women
904,female,group D,some high school,free/reduced,none,67,84,84,Women
905,male,group D,some college,standard,none,88,77,77,Women
906,male,group B,high school,standard,none,57,48,51,Women
907,female,group D,some college,standard,completed,79,84,91,Women
908,female,group C,bachelor's degree,free/reduced,none,67,75,72,Women
909,male,group E,bachelor's degree,standard,completed,70,64,70,Women
910,male,group D,bachelor's degree,free/reduced,none,50,42,48,Women
911,female,group A,some college,standard,none,69,84,82,Women
912,female,group C,bachelor's degree,standard,completed,52,61,66,Women
913,female,group C,bachelor's degree,free/reduced,completed,47,62,66,Women
914,female,group B,associate's degree,free/reduced,none,46,61,55,Women
915,female,group E,some college,standard,none,68,70,66,Women
916,male,group E,bachelor's degree,standard,completed,100,100,100,Women
917,female,group C,high school,standard,none,44,61,52,Women
918,female,group C,associate's degree,standard,completed,57,77,80,Women
919,male,group B,some college,standard,completed,91,96,91,Women
920,male,group D,high school,free/reduced,none,69,70,67,Women
921,female,group C,high school,free/reduced,none,35,53,46,Women
922,male,group D,high school,standard,none,72,66,66,Women
923,female,group B,associate's degree,free/reduced,none,54,65,65,Women
924,male,group D,high school,free/reduced,none,74,70,69,Women
925,male,group E,some high school,standard,completed,74,64,60,Women
926,male,group E,associate's degree,free/reduced,none,64,56,52,Women
927,female,group D,high school,free/reduced,completed,65,61,71,Women
928,male,group E,associate's degree,free/reduced,completed,46,43,44,Women
929,female,group C,some high school,free/reduced,none,48,56,51,Women
930,male,group C,some college,free/reduced,completed,67,74,70,Women
931,male,group D,some college,free/reduced,none,62,57,62,Women
932,male,group D,associate's degree,free/reduced,completed,61,71,73,Women
933,male,group C,bachelor's degree,free/reduced,completed,70,75,74,Women
934,male,group C,associate's degree,standard,completed,98,87,90,Women
935,male,group D,some college,free/reduced,none,70,63,58,Women
936,male,group A,associate's degree,standard,none,67,57,53,Women
937,female,group E,high school,free/reduced,none,57,58,57,Women
938,male,group D,some college,standard,completed,85,81,85,Women
939,male,group D,some high school,standard,completed,77,68,69,Women
940,male,group C,master's degree,free/reduced,completed,72,66,72,Women
941,female,group D,master's degree,standard,none,78,91,96,Women
942,male,group C,high school,standard,none,81,66,64,Women
943,male,group A,some high school,free/reduced,completed,61,62,61,Women
944,female,group B,high school,standard,none,58,68,61,Women
945,female,group C,associate's degree,standard,none,54,61,58,Women
946,male,group B,high school,standard,none,82,82,80,Women
947,female,group D,some college,free/reduced,none,49,58,60,Women
948,male,group B,some high school,free/reduced,completed,49,50,52,Women
949,female,group E,high school,free/reduced,completed,57,75,73,Women
950,male,group E,high school,standard,none,94,73,71,Women
951,female,group D,some college,standard,completed,75,77,83,Women
952,female,group E,some high school,free/reduced,none,74,74,72,Women
953,male,group C,high school,standard,completed,58,52,54,Women
954,female,group C,some college,standard,none,62,69,69,Women
955,male,group E,associate's degree,standard,none,72,57,62,Women
956,male,group C,some college,standard,none,84,87,81,Women
957,female,group D,master's degree,standard,none,92,100,100,Women
958,female,group D,high school,standard,none,45,63,59,Women
959,male,group C,high school,standard,none,75,81,71,Women
960,female,group A,some college,standard,none,56,58,64,Women
961,female,group D,some high school,free/reduced,none,48,54,53,Women
962,female,group E,associate's degree,standard,none,100,100,100,Women
963,female,group C,some high school,free/reduced,completed,65,76,75,Women
964,male,group D,some college,standard,none,72,57,58,Women
965,female,group D,some college,standard,none,62,70,72,Women
966,male,group A,some high school,standard,completed,66,68,64,Women
967,male,group C,some college,standard,none,63,63,60,Women
968,female,group E,associate's degree,standard,none,68,76,67,Women
969,female,group B,bachelor's degree,standard,none,75,84,80,Women
970,female,group D,bachelor's degree,standard,none,89,100,100,Women
971,male,group C,some high school,standard,completed,78,72,69,Women
972,female,group A,high school,free/reduced,completed,53,50,60,Women
973,female,group D,some college,free/reduced,none,49,65,61,Women
974,female,group A,some college,standard,none,54,63,67,Women
975,female,group C,some college,standard,completed,64,82,77,Women
976,male,group B,some college,free/reduced,completed,60,62,60,Women
977,male,group C,associate's degree,standard,none,62,65,58,Women
978,male,group D,high school,standard,completed,55,41,48,Women
979,female,group C,associate's degree,standard,none,91,95,94,Women
980,female,group B,high school,free/reduced,none,8,24,23,Women
981,male,group D,some high school,standard,none,81,78,78,Women
982,male,group B,some high school,standard,completed,79,85,86,Women
983,female,group A,some college,standard,completed,78,87,91,Women
984,female,group C,some high school,standard,none,74,75,82,Women
985,male,group A,high school,standard,none,57,51,54,Women
986,female,group C,associate's degree,standard,none,40,59,51,Women
987,male,group E,some high school,standard,completed,81,75,76,Women
988,female,group A,some high school,free/reduced,none,44,45,45,Women
989,female,group D,some college,free/reduced,completed,67,86,83,Women
990,male,group E,high school,free/reduced,completed,86,81,75,Women
991,female,group B,some high school,standard,completed,65,82,78,Women
992,female,group D,associate's degree,free/reduced,none,55,76,76,Women
993,female,group D,bachelor's degree,free/reduced,none,62,72,74,Women
994,male,group A,high school,standard,none,63,63,62,Women
995,female,group E,master's degree,standard,completed,88,99,95,Women
996,male,group C,high school,free/reduced,none,62,55,55,Women
997,female,group C,high school,free/reduced,completed,59,71,65,Women
998,female,group D,some college,standard,completed,68,78,77,Women
999,female,group D,some college,free/reduced,none,77,86,86,Women
